month,avg_temp,prev_month_units,units_consumed
2,31.5,434.2,500.5
7,31.9,510.8,542.4
12,27.7,246.4,330.1
6,32.4,613.9,705.3
1,25.9,348.0,394.7
9,31.8,438.5,458.3
3,32.6,272.8,333.0
5,35.6,659.5,761.7
8,33.7,472.4,514.7
2,32.0,304.4,380.7
7,32.0,465.2,520.0
8,30.4,415.0,428.2
11,26.1,240.4,318.3
11,27.3,220.8,236.0
5,38.8,485.2,583.8
6,33.9,782.7,797.9
11,24.8,255.6,287.3
10,32.7,484.3,503.4
11,27.4,351.8,366.9
12,27.7,332.0,341.9
8,29.7,435.5,467.4
6,32.0,534.5,633.0
9,28.9,379.0,421.3
1,27.7,270.4,317.1
5,32.4,603.4,618.4
11,24.1,247.2,306.8
3,33.1,350.7,425.7
5,32.5,773.2,795.2
10,31.5,426.2,445.3
1,24.8,144.1,212.9
1,25.1,157.6,252.9
3,32.6,355.7,408.1
9,30.8,394.3,417.9
11,24.2,155.8,210.8
11,26.9,270.7,300.5
6,34.1,645.6,717.7
9,30.2,411.7,431.0
1,26.3,183.9,256.8
9,28.7,276.2,301.3
12,28.0,256.3,234.4
1,25.1,166.9,226.0
11,26.8,263.0,342.5
6,35.3,591.8,689.6
11,27.7,153.7,241.5
9,29.2,444.0,481.5
9,29.9,490.7,512.8
8,33.9,311.6,411.8
5,38.8,694.8,761.9
11,25.1,254.8,253.5
9,33.6,358.1,409.9
11,26.1,216.3,298.1
7,30.8,393.0,448.0
6,39.4,724.6,775.3
12,24.7,306.3,331.7
5,32.3,559.5,566.6
5,35.9,586.3,659.7
5,36.5,744.5,795.6
2,31.8,448.4,457.7
9,31.1,434.2,486.3
1,26.8,377.7,388.3
11,27.5,281.7,318.5
3,33.5,394.7,487.5
4,38.5,703.2,724.0
4,32.4,683.9,671.5
11,24.4,320.1,338.6
12,26.8,158.6,212.8
4,36.0,654.4,648.6
1,26.9,230.0,320.2
9,28.9,295.6,353.0
4,33.0,708.1,776.2
4,32.6,488.2,497.8
10,32.2,393.5,468.3
6,33.6,482.0,562.1
9,31.3,385.0,470.1
5,32.3,542.9,592.2
5,33.0,745.9,754.9
3,28.2,385.4,442.2
2,28.8,331.4,382.3
10,33.1,336.7,347.1
6,37.1,419.0,462.4
6,36.8,689.1,780.0
2,31.7,219.4,312.1
10,32.8,430.4,518.1
10,29.6,418.1,430.3
7,31.0,428.5,508.8
1,26.9,241.3,287.4
11,26.0,321.1,371.0
11,27.0,217.1,239.2
4,34.8,454.5,491.0
9,29.6,361.7,387.2
6,34.1,451.0,473.6
7,33.7,293.2,369.1
5,36.8,685.2,747.0
2,31.9,392.3,459.2
10,33.8,448.4,492.0
10,31.2,236.7,310.5
6,39.9,736.9,835.7
5,39.7,534.2,604.3
8,32.4,379.0,363.7
8,33.6,364.2,392.8
9,32.0,522.2,542.5
11,25.9,155.8,190.4
5,38.4,736.7,782.1
11,27.0,183.3,184.1
2,31.2,257.3,302.0
5,36.4,775.9,813.6
12,24.6,301.2,389.0
6,35.0,656.4,703.2
7,30.8,264.5,316.1
7,32.8,303.1,370.9
10,33.1,335.3,447.4
4,39.1,687.6,777.3
2,32.4,399.1,511.6
5,35.5,764.5,770.8
8,29.6,365.5,422.1
3,32.4,341.0,428.1
10,28.8,292.8,338.2
7,29.2,289.0,343.7
5,33.1,436.4,513.5
10,32.3,435.0,500.5
3,29.3,353.5,381.6
11,25.9,155.3,238.7
10,28.4,444.0,508.6
7,33.9,377.6,373.7
8,33.9,438.5,513.5
6,38.7,510.8,543.8
7,32.7,284.7,388.2
12,24.2,303.5,308.9
1,25.8,316.6,355.5
6,34.1,435.3,469.8
12,25.9,277.2,343.1
6,34.9,516.1,623.1
4,33.8,458.8,487.2
1,26.9,353.3,345.8
7,30.3,283.9,391.6
9,33.6,422.5,504.4
4,33.4,565.4,588.2
10,28.8,333.3,356.8
7,29.5,321.4,375.5
6,33.0,616.9,649.1
5,38.8,547.1,615.6
3,33.8,368.7,431.6
10,28.1,489.7,469.7
8,30.0,216.0,327.7
8,28.8,442.0,502.4
4,35.1,468.0,518.9
9,33.3,391.8,467.0
4,39.4,430.4,498.3
6,39.5,728.9,748.8
4,35.2,568.1,653.4
8,30.2,413.4,498.6
12,26.7,301.0,338.8
7,29.4,384.5,435.6
10,30.2,415.8,413.2
6,36.0,566.9,618.0
7,32.7,393.9,445.5
11,25.5,374.6,380.0
8,31.9,263.1,341.6
11,27.2,247.2,255.7
11,24.9,134.6,216.1
10,29.1,430.4,518.8
2,31.3,296.8,406.4
5,39.4,466.9,552.4
1,25.9,195.2,255.7
10,32.8,363.6,423.4
11,24.5,147.7,200.0
11,27.2,320.3,313.7
7,33.7,496.6,520.7
7,31.4,517.2,528.0
12,24.6,237.5,320.7
9,28.2,429.2,431.3
11,26.4,339.8,382.6
10,29.3,419.0,507.7
4,39.1,600.7,685.8
1,24.8,339.2,345.8
7,30.0,294.5,393.1
8,33.0,256.2,343.4
9,31.7,365.2,393.8
11,27.4,254.5,298.8
3,29.3,482.4,481.9
9,30.3,221.9,308.8
9,33.9,403.0,432.2
7,32.5,457.6,482.1
3,30.0,381.0,454.8
5,34.4,361.9,444.5
5,34.8,736.7,776.3
5,38.4,713.0,769.3
8,32.7,402.2,469.4
4,39.0,541.6,608.5
2,33.6,466.7,540.1
11,26.1,279.0,359.9
4,38.8,557.7,570.1
10,32.2,431.9,483.5
12,27.4,225.0,268.1
8,33.4,280.4,396.6
2,30.7,426.7,513.9
10,29.0,411.2,459.2
6,36.7,465.6,577.1
11,24.6,289.9,308.1
12,24.3,138.5,220.8
1,27.6,190.6,234.8
4,38.6,561.0,593.8
9,32.8,437.0,516.3
8,30.8,442.9,452.1
12,24.9,304.1,333.1
10,32.0,426.3,429.0
11,27.2,297.5,289.9
5,33.3,702.5,787.3
3,32.8,284.2,313.4
9,33.1,364.7,450.1
9,28.5,396.3,457.6
4,32.2,762.1,793.1
12,26.5,248.4,282.1
12,25.4,299.8,378.0
11,27.9,249.3,299.7
4,38.1,768.5,847.4
1,25.2,199.0,192.6
2,30.5,433.7,450.8
7,30.9,486.9,517.7
6,32.5,658.3,761.2
12,26.6,188.0,240.9
11,25.7,302.9,294.0
5,33.7,755.4,794.6
4,35.1,418.7,465.3
2,28.1,452.4,500.9
5,34.3,702.3,768.7
7,30.5,274.3,320.1
8,31.5,423.4,469.3
7,33.9,465.5,548.9
12,25.8,262.2,360.1
12,26.7,231.7,276.9
8,30.4,290.1,339.0
7,29.6,503.0,522.0
9,30.8,502.6,509.1
5,35.8,642.9,723.9
10,31.6,291.0,314.1
1,27.2,313.1,324.2
8,33.7,277.5,322.9
3,29.2,393.6,420.9
5,38.1,451.6,533.7
11,26.3,280.8,328.4
3,28.4,352.8,360.3
5,37.1,745.9,849.4
6,36.1,614.3,694.8
9,30.1,324.8,357.9
2,28.6,468.9,514.6
7,32.0,453.8,513.0
3,29.0,222.5,327.5
11,26.5,303.5,337.2
6,36.6,439.8,546.8
6,38.6,769.5,812.8
9,32.1,350.6,388.5
12,27.9,180.2,217.7
9,31.0,291.7,350.3
5,35.1,739.2,796.5
8,33.3,420.8,449.2
12,24.3,295.4,349.5
4,32.9,451.8,503.7
2,31.1,306.4,392.7
7,30.9,320.4,411.7
11,27.1,289.5,368.4
3,31.3,247.0,330.4
2,29.8,385.9,377.6
12,27.1,290.1,286.9
5,34.0,804.8,838.2
2,31.4,479.4,539.0
3,32.1,297.6,301.6
4,36.9,674.3,748.0
2,33.5,378.3,386.0
1,24.2,176.2,214.7
7,28.1,391.4,418.1
1,25.8,313.9,356.4
10,28.5,366.7,462.6
5,36.9,623.0,679.8
3,33.3,485.1,539.1
11,24.2,189.4,208.5
2,28.3,364.5,408.0
4,32.5,715.9,795.1
5,39.0,414.2,536.5
8,31.1,426.8,502.8
5,38.5,530.3,608.7
1,27.4,272.6,303.5
1,27.3,306.2,366.7
4,35.3,442.4,471.8
7,32.9,275.9,355.2
8,30.5,211.1,315.1
12,27.4,346.6,330.0
10,32.7,327.8,320.5
4,33.4,785.5,822.0
12,27.3,147.6,247.3
11,24.4,336.3,343.1
6,39.2,467.1,508.8
2,28.0,287.3,346.4
1,25.9,272.4,296.4
6,39.3,802.5,826.4
8,33.4,413.5,511.5
3,30.1,337.4,435.7
10,30.4,488.8,517.3
5,37.8,626.9,718.3
3,32.4,349.8,428.7
6,36.2,708.5,731.5
10,32.2,438.6,460.4
5,39.0,803.9,840.2
11,26.6,251.2,330.7
9,28.9,435.8,486.2
10,28.2,451.1,526.5
1,26.1,290.6,343.6
9,33.9,386.9,447.7
6,35.3,413.9,507.1
12,24.5,265.7,362.2
1,24.9,304.4,360.9
10,31.1,347.0,404.0
5,32.3,727.6,744.2
1,24.3,253.1,333.8
12,24.7,275.3,313.1
12,27.4,296.7,348.6
11,24.0,336.7,343.2
11,25.6,365.1,396.0
2,28.4,344.5,441.4
10,31.9,270.5,341.3
5,35.2,734.2,839.6
9,30.7,452.4,464.0
9,32.6,292.2,347.9
2,32.2,351.6,394.7
3,33.2,475.3,493.5
6,34.6,551.1,621.9
2,30.7,420.7,479.2
5,35.1,455.9,464.6
5,39.7,455.5,523.0
3,32.8,470.7,519.4
4,36.7,677.4,699.9
1,26.3,311.5,345.7
8,30.3,445.9,527.6
10,32.1,524.9,530.8
10,30.7,341.0,403.9
5,36.6,435.8,458.3
8,31.4,303.9,416.9
9,29.0,511.4,503.1
4,33.7,553.6,673.3
4,36.4,634.1,684.8
12,27.0,281.1,283.8
6,36.7,580.3,608.0
3,29.6,499.5,536.4
2,33.7,400.4,494.5
5,36.6,648.3,696.2
4,38.3,758.2,778.6
3,31.8,441.9,513.3
12,26.7,290.9,308.7
10,28.5,340.3,393.8
8,28.9,259.7,351.4
8,33.5,360.3,377.9
8,32.7,303.8,331.7
11,24.6,186.4,210.7
12,26.9,173.8,191.9
7,32.3,508.5,530.1
7,32.5,399.4,429.3
6,38.1,835.9,845.0
4,36.7,744.8,788.1
11,26.3,230.1,262.7
3,30.1,368.6,367.8
11,24.3,315.5,348.2
4,36.6,621.4,649.4
7,29.6,378.9,455.2
8,32.6,376.0,438.0
3,33.2,400.7,465.5
8,28.1,290.8,282.2
7,28.5,456.6,477.0
5,35.3,476.1,535.3
11,25.0,304.7,340.1
7,32.1,360.6,392.1
4,34.8,787.8,829.1
1,26.6,188.4,223.4
4,35.4,463.5,549.9
2,33.9,467.7,473.3
5,35.1,804.2,841.5
11,25.7,306.0,371.1
2,32.2,390.3,436.0
9,33.2,372.7,463.4
5,35.2,808.0,826.3
3,29.1,402.6,492.7
8,30.4,415.8,500.4
4,38.7,628.0,635.7
9,33.8,442.1,479.7
4,37.4,705.7,772.5
1,25.4,152.9,249.3
6,36.8,574.6,596.5
11,25.7,271.0,291.1
8,30.3,318.5,371.3
5,37.6,411.2,496.9
11,27.1,297.2,344.5
11,25.0,207.2,299.7
10,28.2,427.4,473.0
12,27.5,250.5,334.1
3,29.8,304.2,313.2
5,39.2,681.6,691.4
6,34.0,732.1,814.0
7,30.8,332.3,401.5
2,30.4,382.3,382.0
4,32.4,496.5,521.6
5,34.6,520.6,575.0
6,38.3,465.0,579.1
12,24.6,296.9,303.5
7,30.3,400.3,482.9
1,25.8,264.8,293.3
6,33.8,735.7,770.1
4,37.8,609.6,666.9
4,38.6,505.9,587.2
1,26.2,267.0,334.7
5,38.8,605.3,670.5
5,34.5,455.3,459.4
8,33.7,436.5,468.9
10,33.9,306.6,374.4
5,37.1,616.7,648.7
3,30.0,242.4,312.3
7,28.9,410.7,495.9
11,25.9,371.7,389.6
6,39.6,690.0,718.5
1,24.4,255.7,328.0
4,36.4,748.8,821.4
2,30.6,321.7,343.0
10,29.0,313.9,342.7
5,32.5,485.2,515.4
7,31.6,453.5,480.4
12,25.9,276.7,305.3
2,31.7,442.7,515.9
8,28.3,503.9,517.7
8,31.4,252.2,316.7
8,30.4,409.2,444.6
2,31.7,478.4,471.1
8,29.9,469.3,476.0
1,25.0,337.7,354.4
4,39.4,623.3,626.6
11,25.2,302.7,287.2
1,24.4,285.9,338.3
1,27.9,302.1,328.4
2,33.1,258.5,354.5
6,38.4,621.4,671.4
9,31.4,477.1,517.8
8,30.4,251.4,328.3
7,28.2,429.7,467.7
7,31.0,499.2,551.2
8,32.2,319.7,380.3
2,29.9,287.1,343.0
8,31.5,281.5,302.6
5,39.1,670.4,696.1
5,32.6,645.0,646.8
3,30.9,277.8,367.4
12,26.5,283.5,331.1
10,31.7,420.5,464.9
4,32.2,547.1,586.2
10,28.4,488.1,514.5
11,26.2,303.5,393.5
1,27.0,124.8,205.2
8,30.7,262.6,348.5
4,39.4,670.6,774.8
6,38.4,632.9,698.8
11,27.1,184.8,212.0
2,29.0,467.6,464.1
6,37.1,509.9,511.7
6,39.5,575.2,675.5
1,25.5,295.4,311.8
1,27.2,240.0,306.1
1,25.4,282.0,304.8
10,33.7,482.9,528.9
11,26.3,231.6,287.5
8,30.1,469.0,562.8
11,26.4,266.7,302.0
11,25.8,258.9,314.7
2,34.0,333.8,358.4
7,28.8,262.6,351.6
11,25.7,297.4,346.6
7,29.2,425.3,519.1
10,29.6,286.6,314.0
6,36.9,488.4,555.8
11,27.8,372.5,379.2
10,28.6,448.5,471.0
6,35.8,441.9,474.6
3,31.9,359.5,404.7
5,39.8,695.5,743.7
1,27.1,204.5,224.0
7,29.9,374.9,476.2
9,28.1,428.0,502.1
4,36.2,463.8,549.8
9,29.3,390.8,434.4
5,38.6,424.2,464.2
1,24.1,262.9,322.2
4,35.6,537.3,533.1
9,29.6,394.6,406.5
4,32.1,837.8,847.0
10,31.7,377.9,408.7
9,28.4,374.4,445.5
6,37.3,720.3,712.0
7,33.5,318.7,334.4
8,30.5,456.4,525.1
4,38.4,579.0,626.6
7,33.2,383.3,440.0
12,24.8,166.0,217.7
10,29.8,387.1,422.2
3,31.1,356.7,385.8
9,34.0,382.7,405.5
7,30.0,396.8,474.9
1,25.0,384.0,400.0
4,35.4,662.7,780.6
8,28.4,362.9,450.1
8,29.3,320.6,345.2
12,27.7,327.2,383.0
8,28.8,360.0,434.1
8,31.4,424.5,514.9
9,30.5,294.6,343.8
6,39.5,481.1,529.3
2,32.4,477.2,482.1
8,33.3,371.0,450.2
2,32.3,365.9,442.9
12,26.3,288.7,338.1
2,29.5,252.0,324.2
5,36.1,702.3,817.7
3,29.2,325.6,391.3
8,33.9,322.3,343.7
6,35.9,547.5,557.2
7,30.7,428.9,438.1
1,27.4,256.1,302.4
4,35.1,719.6,750.6
6,37.9,600.9,660.6
12,26.1,270.3,348.7
7,28.4,463.7,494.9
11,24.9,201.9,203.4
7,30.3,339.8,433.9
8,29.7,314.8,348.1
4,32.4,474.8,555.9
9,30.4,462.3,470.9
6,33.5,439.9,472.7
12,25.6,185.8,235.4
4,34.8,625.0,633.2
6,32.3,435.7,503.9
7,28.2,417.8,458.3
5,32.3,471.2,555.7
6,39.6,724.4,733.2
3,33.4,381.6,475.2
9,29.0,487.8,528.2
11,27.1,242.9,280.8
8,28.3,262.8,320.0
3,29.9,293.4,350.6
12,27.8,249.7,303.6
12,25.6,205.8,223.5
3,32.1,474.6,515.6
8,29.3,423.1,429.5
8,31.0,413.2,403.5
12,25.1,227.2,297.1
7,33.6,452.3,486.3
3,33.9,292.3,344.0
1,25.6,199.0,223.0
3,30.1,491.4,509.1
7,31.6,361.0,444.2
6,38.5,778.0,816.6
4,38.1,524.8,593.9
1,27.6,301.0,296.5
8,32.0,393.7,429.8
6,36.2,507.3,595.6
6,39.8,477.4,569.1
7,30.1,417.8,492.7
8,30.7,470.1,462.2
1,27.1,210.2,196.1
2,32.5,370.3,417.3
5,34.6,512.8,574.9
7,28.2,299.2,299.7
9,30.8,336.5,362.9
1,27.2,264.9,347.4
2,34.0,412.1,417.9
8,33.1,444.2,472.8
3,30.2,355.3,379.9
12,26.2,203.0,305.1
7,30.4,458.8,480.3
8,30.2,419.2,450.1
11,27.3,152.9,203.5
3,28.7,429.8,445.1
1,26.1,316.6,350.6
5,39.4,560.7,628.2
1,24.5,226.5,251.8
8,31.6,357.3,355.4
1,25.3,196.9,262.0
7,30.5,294.8,362.1
5,38.4,427.8,479.2
1,24.5,184.5,238.8
11,25.9,349.1,355.1
8,33.4,330.6,387.0
5,36.4,610.0,701.6
9,29.6,341.5,331.1
7,30.7,236.7,313.2
10,29.8,352.9,435.3
6,39.9,734.6,783.6
4,37.3,395.1,461.4
8,28.0,277.9,324.7
3,32.4,349.9,377.9
4,32.5,503.1,543.0
8,30.8,252.3,307.2
2,30.1,387.4,422.5
5,33.9,646.9,686.7
1,28.0,272.1,347.1
1,26.0,346.3,370.2
2,32.4,364.1,439.9
11,24.5,222.1,246.5
9,33.9,344.6,352.8
5,37.1,682.2,732.7
12,25.0,327.1,327.8
9,29.9,274.3,280.6
9,31.0,312.9,336.5
7,29.5,309.7,323.4
7,28.5,342.4,433.2
6,37.4,578.1,601.8
6,32.3,702.8,728.2
6,35.4,602.8,683.5
8,30.1,420.7,421.7
12,24.7,286.3,384.2
2,28.2,413.7,489.6
7,33.0,425.4,422.0
4,36.7,419.3,473.9
4,35.1,723.4,712.0
6,35.2,712.1,747.3
6,37.7,776.3,776.0
2,30.7,376.2,436.0
5,33.5,501.5,546.8
7,28.4,357.8,421.9
3,29.0,363.6,403.6
4,37.0,798.7,814.1
8,32.3,471.6,512.3
11,24.1,334.4,350.1
3,33.3,358.4,355.2
2,31.1,458.3,457.1
8,29.1,446.1,450.1
3,28.5,468.9,455.9
8,31.0,276.3,317.2
1,25.5,284.4,320.6
11,25.5,344.6,390.8
10,31.3,416.9,497.0
4,37.2,694.0,782.6
2,28.3,278.8,377.3
1,24.2,275.5,305.2
7,32.9,431.2,541.5
6,39.5,371.6,489.1
10,30.2,296.1,346.2
2,33.3,229.0,303.9
9,33.7,351.7,380.8
2,33.2,376.4,448.9
1,25.7,346.8,345.7
9,29.2,345.4,377.8
12,24.4,220.7,262.8
7,34.0,436.9,484.3
5,37.7,737.3,823.3
8,28.5,297.9,331.5
1,26.3,233.2,275.3
6,39.9,550.5,670.0
6,32.3,713.6,741.4
2,29.7,307.2,355.3
11,25.4,266.7,348.2
10,29.9,338.0,396.5
2,29.2,472.0,532.0
6,34.7,677.1,690.3
11,26.1,280.1,312.3
4,37.0,721.4,829.7
2,30.4,468.6,507.7
4,39.0,802.7,831.4
9,33.4,386.0,491.7
6,39.4,780.0,809.2
11,27.2,252.6,334.7
5,39.5,608.8,628.3
11,25.5,183.7,234.3
3,28.4,499.5,523.3
11,26.4,227.5,222.2
3,33.6,223.7,321.1
10,31.9,366.2,461.8
1,25.9,189.6,201.7
4,39.2,513.7,517.1
4,35.0,418.0,512.6
11,25.5,216.7,229.3
12,27.1,255.5,298.0
8,30.2,272.6,359.1
10,29.1,208.6,310.1
9,30.5,369.3,438.0
6,32.6,782.4,774.5
9,29.2,296.0,400.0
2,29.7,303.7,381.1
9,30.4,333.7,420.1
9,31.0,488.1,474.0
6,33.2,549.0,624.8
7,30.1,418.1,505.7
9,29.8,338.2,409.4
5,39.2,680.1,758.1
3,33.1,403.5,458.9
3,30.1,455.5,505.4
2,33.2,442.5,463.4
8,31.4,251.7,309.2
9,33.4,245.6,305.3
1,24.1,338.3,357.0
8,33.6,329.3,396.3
12,27.2,341.3,348.9
4,38.0,439.0,470.0
8,33.2,438.4,452.5
12,24.1,299.8,373.9
4,36.0,669.2,782.1
3,30.4,272.7,366.5
2,29.2,314.9,326.9
4,39.0,462.6,497.4
2,29.4,498.6,532.6
4,36.1,563.3,562.7
1,25.8,186.3,233.7
10,29.2,409.1,503.7
10,30.7,278.8,368.6
10,28.7,336.4,419.3
10,31.6,443.9,468.2
12,25.9,303.9,358.1
9,28.8,448.1,549.2
2,32.6,500.3,511.1
8,29.5,336.0,361.9
4,36.8,426.7,503.9
7,30.4,374.3,455.1
3,33.0,468.0,504.8
1,25.0,247.5,283.0
6,37.1,790.3,835.1
12,27.9,286.8,312.5
3,28.9,437.2,519.0
11,26.7,250.6,298.1
1,27.5,317.9,395.3
2,29.8,338.2,324.8
12,27.3,194.9,272.6
10,33.1,359.6,354.1
12,27.9,199.8,260.8
12,24.5,270.2,311.8
9,32.3,415.4,476.2
8,30.2,254.2,349.0
3,33.6,438.3,471.4
3,32.8,365.4,443.4
7,32.8,475.5,472.3
4,35.2,479.9,517.6
8,32.6,455.3,476.2
8,32.7,385.6,404.1
5,37.6,741.8,841.4
3,32.9,332.9,363.2
4,39.7,650.9,722.9
4,39.8,791.6,811.8
11,25.4,236.6,311.1
9,31.3,285.0,300.1
9,29.3,454.5,470.8
1,24.7,227.7,216.9
8,30.6,309.4,310.8
1,27.9,205.1,304.8
1,26.2,240.7,268.1
12,27.8,165.1,182.0
3,28.3,266.6,333.3
12,25.4,194.1,253.6
8,34.0,308.2,382.8
8,32.1,369.3,452.6
6,39.6,696.5,714.2
2,32.7,381.4,471.5
11,27.6,305.8,345.5
1,26.3,330.2,313.8
9,32.6,448.5,530.0
1,26.2,293.5,339.8
4,37.0,456.1,541.7
7,32.5,245.3,281.8
12,27.9,123.4,201.3
2,31.7,406.1,416.4
12,24.5,193.3,264.5
7,29.2,477.5,511.6
10,33.7,406.6,439.5
7,33.7,434.5,475.5
12,24.2,297.7,309.4
5,32.7,722.6,799.3
10,30.1,395.0,437.8
1,27.0,154.5,173.0
12,25.0,339.0,402.8
5,34.8,428.6,518.6
7,30.5,454.2,471.4
5,36.2,622.8,683.7
4,37.4,429.9,513.2
11,24.5,222.2,270.4
10,28.4,489.4,535.5
9,31.7,479.2,531.2
3,29.3,415.8,482.5
7,31.9,379.3,470.3
6,39.6,641.9,686.6
6,38.5,629.9,696.2
3,31.5,326.7,322.5
6,34.6,567.8,660.8
5,34.6,761.4,842.8
9,31.0,503.0,534.9
8,33.2,305.5,310.3
3,32.6,417.7,514.0
7,31.1,464.8,476.4
2,33.6,387.3,437.2
7,29.8,349.4,371.3
6,38.6,725.2,805.5
10,33.1,404.3,511.5
5,32.2,515.6,550.3
11,27.1,247.9,252.0
4,36.7,692.0,778.3
4,38.0,577.9,641.8
10,31.6,477.4,524.9
4,34.3,403.2,488.7
1,27.0,271.3,364.1
11,27.3,183.9,238.5
6,38.7,710.5,770.5
11,25.3,170.2,220.0
1,25.6,309.5,369.1
11,24.2,238.2,279.5
11,24.3,277.7,255.7
10,30.5,440.4,463.9
9,31.6,439.9,441.1
9,30.1,466.5,517.7
6,33.9,582.5,605.6
11,26.3,192.3,206.4
12,26.1,218.6,202.7
8,33.0,332.2,366.8
7,30.1,333.1,415.2
9,31.9,273.0,366.6
3,32.4,357.3,389.9
5,33.0,565.5,581.9
8,31.5,290.6,325.8
12,24.4,125.3,184.0
10,31.6,413.8,469.2
11,24.5,255.2,298.8
12,24.5,192.1,192.2
2,33.6,325.3,360.2
3,31.5,479.5,504.8
2,29.2,347.9,426.8
4,35.2,571.5,629.2
9,33.1,233.8,332.1
8,30.4,416.7,503.2
10,30.4,313.3,422.4
7,33.1,243.1,337.7
1,24.2,321.1,375.5
2,31.1,253.1,331.9
11,24.5,200.5,283.4
1,25.4,338.9,328.7
4,32.3,705.8,731.5
6,36.7,735.5,783.9
6,36.2,581.2,577.9
12,27.4,222.0,287.8
1,25.1,177.8,241.2
6,39.6,437.0,538.4
10,31.4,239.5,303.6
11,25.4,265.8,337.4
11,26.7,204.4,278.1
9,29.0,520.7,555.6
11,27.5,349.6,382.2
2,33.1,335.6,410.1
6,38.1,527.2,548.2
11,24.3,144.0,194.4
12,24.1,296.7,350.9
3,28.6,401.5,419.6
2,33.4,289.9,357.4
2,32.0,487.3,505.8
5,35.9,513.0,540.7
8,32.6,272.3,347.7
7,30.0,332.0,395.0
1,26.5,217.5,247.3
2,29.4,435.2,444.8
11,24.4,176.3,180.8
5,38.6,535.7,555.3
11,25.0,149.8,219.4
10,28.5,536.1,522.4
11,24.8,296.2,302.2
7,32.3,441.3,555.9
6,38.4,747.8,805.0
3,33.3,223.3,315.8
2,33.9,468.7,476.3
12,25.8,251.8,317.6
9,30.5,338.8,433.1
12,27.2,182.2,241.7
7,33.8,385.8,387.1
1,25.0,291.9,379.3
9,29.4,506.7,522.6
4,33.1,610.1,649.1
9,32.6,454.9,542.4
10,29.4,455.1,521.3
12,25.4,232.2,323.0
9,33.8,449.1,561.7
5,39.2,552.0,599.8
6,34.1,447.1,503.1
1,25.0,364.2,381.0
12,27.6,249.5,266.9
7,29.2,296.9,377.9
10,28.5,417.5,431.1
2,28.7,331.1,330.3
12,25.8,200.1,255.8
11,26.1,350.2,362.5
8,30.4,397.1,419.0
11,28.0,183.7,236.2
9,33.6,269.0,321.3
5,38.1,492.9,577.4
12,26.3,328.0,378.1
2,29.3,484.1,506.5
5,38.1,686.3,781.0
7,33.6,415.9,451.2
6,37.7,656.0,737.9
10,32.4,451.9,493.1
3,29.7,331.2,409.7
7,29.7,473.5,491.2
9,32.3,266.9,318.6
2,34.0,418.5,409.0
9,32.4,367.9,447.3
3,33.1,360.8,413.9
4,36.1,455.8,460.9
6,38.6,440.2,525.4
2,33.8,285.9,367.1
11,26.4,366.0,387.1
7,32.3,357.2,371.8
3,28.4,434.5,442.1
8,28.8,450.2,467.3
12,27.8,126.7,229.6
9,33.9,333.6,389.3
5,35.1,492.8,522.5
4,37.2,787.1,780.4
6,32.2,681.6,740.0
9,31.9,451.6,471.3
7,31.8,307.4,398.1
6,36.5,619.8,636.8
5,37.2,724.5,745.5
11,24.6,290.7,371.4
10,29.2,405.3,492.5
9,30.2,204.3,303.5
5,34.5,806.3,831.4
2,28.0,316.9,418.5
8,33.8,339.2,409.0
6,34.1,745.9,817.9
1,27.0,335.5,362.5
3,28.9,432.8,460.0
5,32.3,494.1,587.3
11,26.0,263.0,344.7
12,25.1,278.4,303.3
6,36.7,811.7,831.9
11,24.4,184.0,203.9
12,26.5,255.4,255.1
5,39.2,658.5,746.7
3,29.3,278.7,299.8
10,31.9,326.7,360.6
8,28.4,285.8,332.4
9,32.2,451.1,507.9
5,36.3,475.8,532.2
10,28.3,410.3,443.4
5,32.0,599.8,678.8
2,33.5,452.9,499.4
7,31.5,368.6,378.9
7,30.6,336.6,354.1
3,29.6,241.0,332.5
6,37.5,580.6,663.0
5,39.6,639.0,682.5
2,33.3,309.3,414.7
5,39.0,539.5,617.1
2,28.5,408.4,458.3
6,36.1,430.2,527.3
11,25.6,344.5,394.1
1,25.3,302.3,377.4
2,31.8,349.0,420.5
8,28.5,421.0,506.0
1,27.8,266.5,312.0
5,32.9,461.5,499.8
11,25.8,154.9,244.6
7,33.7,283.5,353.8
8,31.2,500.9,514.6
10,30.3,450.2,507.3
10,29.2,314.8,362.5
6,32.7,668.6,692.2
3,31.0,331.5,341.5
9,29.6,301.5,372.4
2,31.4,252.9,330.7
6,39.7,443.7,542.4
1,24.1,368.1,363.1
7,31.4,410.2,422.8
5,34.1,742.2,771.6
9,31.1,418.9,497.5
12,26.5,231.7,251.1
5,35.8,436.3,544.0
6,34.0,616.4,648.5
1,26.1,252.5,335.1
3,31.4,359.6,364.7
10,30.7,381.4,432.5
9,31.5,403.4,452.2
6,37.3,715.2,762.3
2,31.0,430.2,464.0
4,36.4,638.0,644.2
6,36.1,422.9,476.0
5,34.3,801.9,810.9
8,32.6,295.7,355.0
5,34.0,699.9,765.3
3,29.9,277.4,364.5
8,29.1,459.7,491.0
6,33.2,678.0,699.9
3,32.0,283.3,299.5
3,28.2,278.6,355.8
7,30.4,482.8,532.1
6,32.1,609.9,689.2
7,31.7,323.8,411.2
9,29.6,329.7,429.5
10,29.0,354.9,443.3
1,26.2,293.7,277.3
4,38.6,568.0,662.1
4,34.8,471.3,539.2
5,33.1,755.6,777.8
3,32.3,353.7,448.0
5,39.2,632.6,670.6
